"legacy_id","source_kind","legacy_url","sitemap_sources","sitemap_last_modified","disposition","content_value","risk_flags","decision_basis"
"P001","PAGE","https://www.fchfh.org/plannedgiving","PAGES_SITEMAP","2026-07-01","VERIFY","PLANNED_GIVING","LEGAL_REVIEW|HUMAN_VERIFY","Verify legal language and current planned-giving process before transforming approved material."
"P002","PAGE","https://www.fchfh.org/copy-2-of-schutzenfest-booth","PAGES_SITEMAP","2026-07-01","RETIRE","EVENT_COPY_ARTIFACT","DUPLICATE|STALE_EVENT","Merge any unique historical evidence into the retained event record; do not preserve the copied page."
"P003","PAGE","https://www.fchfh.org/getinvolved","PAGES_SITEMAP","2026-07-01","MIGRATE_SELECTED","ENGAGEMENT_OVERVIEW","HUMAN_VERIFY","Transform approved calls to action into the greenfield engagement experience."
"P004","PAGE","https://www.fchfh.org/bios","PAGES_SITEMAP","2026-07-01","VERIFY","PEOPLE_BIOGRAPHIES","HUMAN_VERIFY|PRIVACY_REVIEW","Verify current people roles biographies and consent before selective migration."
"P005","PAGE","https://www.fchfh.org/blueprintrules","PAGES_SITEMAP","2026-07-01","ARCHIVE","EVENT_RULES","STALE_EVENT|RAFFLE_LEGAL","Retain as event and legal evidence; publish only if a current edition requires reviewed rules."
"P006","PAGE","https://www.fchfh.org/financialliteracy","PAGES_SITEMAP","2026-07-01","VERIFY","PROGRAM","HUMAN_VERIFY","Verify program status eligibility and claims; transform approved facts into structured program content."
"P007","PAGE","https://www.fchfh.org/copy-of-bourbon-build-rules","PAGES_SITEMAP","2026-07-01","RETIRE","EVENT_COPY_ARTIFACT","DUPLICATE|RAFFLE_LEGAL","Merge any required legal history into the retained event record; retire the copied page."
"P008","PAGE","https://www.fchfh.org/blog","PAGES_SITEMAP|BLOG_CATEGORIES_SITEMAP","2026-07-01","MIGRATE_SELECTED","COMMUNICATIONS_INDEX_SOURCE","LEGACY_TAXONOMY","Select valuable stories and news independently; this legacy index does not define Communications IA."
"P009","PAGE","https://www.fchfh.org/bourbonwinners","PAGES_SITEMAP","2026-07-01","ARCHIVE","EVENT_RESULTS","RAFFLE_LEGAL|STALE_EVENT","Preserve past results as dated evidence after legal review; do not present as a current event."
"P010","PAGE","https://www.fchfh.org/bourbon","PAGES_SITEMAP","2026-07-01","ARCHIVE","EVENT","RAFFLE_LEGAL|STALE_EVENT","Preserve the dated event record and legally required results or rules; current editions require verification."
"P011","PAGE","https://www.fchfh.org/homerepair","PAGES_SITEMAP","2026-07-01","VERIFY","PROGRAM","HUMAN_VERIFY|ELIGIBILITY","Verify program scope eligibility and intake process before transformation."
"P012","PAGE","https://www.fchfh.org/copy-of-volunteer-faqs","PAGES_SITEMAP","2026-07-01","RETIRE","VOLUNTEER_COPY_ARTIFACT","DUPLICATE|HUMAN_VERIFY","Merge approved unique answers into the future volunteer experience; retire the copied page."
"P013","PAGE","https://www.fchfh.org/whoweare","PAGES_SITEMAP","2026-07-01","MIGRATE_SELECTED","ORGANIZATION_HISTORY","HUMAN_VERIFY","Preserve verified institutional history and mission facts without copying legacy structure."
"P014","PAGE","https://www.fchfh.org/copy-of-casino-night","PAGES_SITEMAP","2026-07-01","RETIRE","EVENT_COPY_ARTIFACT","DUPLICATE|STALE_EVENT","Merge any unique event history into retained editions; retire the copied page."
"P015","PAGE","https://www.fchfh.org/campstcottages","PAGES_SITEMAP","2026-07-01","MIGRATE_SELECTED","PROJECT","HUMAN_VERIFY","Transform verified Camp St. Cottages history media partners and outcomes into structured records."
"P016","PAGE","https://www.fchfh.org/copy-3-of-schutzenfest-booth-1","PAGES_SITEMAP","2026-07-01","RETIRE","EVENT_COPY_ARTIFACT","DUPLICATE|STALE_EVENT","Merge any unique event evidence into the retained event record; retire the copied page."
"P017","PAGE","https://www.fchfh.org/volunteer","PAGES_SITEMAP","2026-07-01","MIGRATE_SELECTED","VOLUNTEER","EXTERNAL_DEPENDENCY|HUMAN_VERIFY","Preserve approved volunteer guidance while DonorView remains system of record for volunteer data."
"P018","PAGE","https://www.fchfh.org/project-history","PAGES_SITEMAP","2026-07-01","MIGRATE_SELECTED","PROJECT_HISTORY","PRIVACY_REVIEW|HUMAN_VERIFY","Transform verified projects dates media and outcomes into structured records with participant privacy review."
"P019","PAGE","https://www.fchfh.org/donate","PAGES_SITEMAP","2026-07-01","VERIFY","DONATION","EXTERNAL_DEPENDENCY|DONATION_CLAIMS","Verify DonorView destinations and vehicle-donation link; transform public guidance without owning gift records."
"P020","PAGE","https://www.fchfh.org/potentialhomeowners","PAGES_SITEMAP","2026-07-01","VERIFY","HOMEOWNER_INFORMATION","PRIVACY_REVIEW|ELIGIBILITY|HUMAN_VERIFY","Verify public eligibility guidance; do not reproduce sensitive application intake or private applicant data."
"P021","PAGE","https://www.fchfh.org/casinonight","PAGES_SITEMAP","2026-07-01","ARCHIVE","EVENT","STALE_EVENT|EXTERNAL_DEPENDENCY","Preserve the dated edition as event history; verify any future edition and registration destination separately."
"P022","PAGE","https://www.fchfh.org/rapidresponse","PAGES_SITEMAP","2026-07-01","VERIFY","PROGRAM","HIGH_RISK_PII|ELIGIBILITY|HUMAN_VERIFY","Block the SSN-and-email PDF from migration; verify safe public program guidance for transformation."
"P023","PAGE","https://www.fchfh.org/schutzenfest","PAGES_SITEMAP","2026-07-01","ARCHIVE","EVENT","STALE_EVENT|BROKEN_EXTERNAL_LINK","Preserve useful dated event and partner evidence; verify future editions and destinations."
"P024","PAGE","https://www.fchfh.org/sausagefest","PAGES_SITEMAP","2026-07-01","ARCHIVE","EVENT","STALE_EVENT|HUMAN_VERIFY","Preserve useful event history and media; verify any future edition separately."
"P025","PAGE","https://www.fchfh.org/buildrules","PAGES_SITEMAP","2026-07-01","VERIFY","EVENT_RULES","INACTIVE_EXTERNAL_FORM|RAFFLE_LEGAL","The linked DonorView form is inactive; verify current rules and legally required history."
"P026","PAGE","https://www.fchfh.org/copy-3-of-schutzenfest-booth","PAGES_SITEMAP","2026-07-01","RETIRE","EVENT_COPY_ARTIFACT","DUPLICATE|BROKEN_EXTERNAL_LINK","Merge any unique evidence into the retained event record; remove the unresolved legacy-domain link."
"P027","PAGE","https://www.fchfh.org/aginginplace","PAGES_SITEMAP","2026-07-01","VERIFY","PROGRAM","HIGH_RISK_PII|ELIGIBILITY|HUMAN_VERIFY","Block the shared SSN-and-email assistance PDF; verify safe public program guidance."
"P028","PAGE","https://www.fchfh.org/2x4fundraiser","PAGES_SITEMAP","2026-07-01","ARCHIVE","CAMPAIGN_HISTORY","INACTIVE_EXTERNAL_FORM|BROKEN_EXTERNAL_LINK|STALE_EVENT","Preserve useful campaign history; the DonorView form is inactive and legacy domain link must be replaced."
"P029","PAGE","https://www.fchfh.org/restore","PAGES_SITEMAP","2026-07-01","VERIFY","RESTORE","HUMAN_VERIFY","Verify address hours donation policy and operating details before transformation."
"P030","PAGE","https://www.fchfh.org/","PAGES_SITEMAP","2026-07-01","MIGRATE_SELECTED","HOMEPAGE_SOURCE","LEGACY_INDEPENDENCE","Select verified facts and evidence only; the legacy homepage does not define the new homepage or IA."
"P031","PAGE","https://www.fchfh.org/meettheboard","PAGES_SITEMAP","2026-07-01","VERIFY","BOARD","HUMAN_VERIFY|PRIVACY_REVIEW","Verify current roster roles biographies and photo consent before transformation."
"P032","PAGE","https://www.fchfh.org/newsletter","PAGES_SITEMAP","2026-07-01","MIGRATE_SELECTED","NEWSLETTER_ARCHIVE","HUMAN_VERIFY","Preserve selected newsletter history and establish a new Communications-owned newsletter experience."
"P033","PAGE","https://www.fchfh.org/copy-of-blog","PAGES_SITEMAP","2026-07-01","RETIRE","COMMUNICATIONS_COPY_ARTIFACT","DUPLICATE","Retire the copied index; it has no authority over the new Communications domain."
"P034","PAGE","https://www.fchfh.org/copy-of-newsletter","PAGES_SITEMAP","2026-07-01","RETIRE","NEWSLETTER_COPY_ARTIFACT","DUPLICATE","Merge any unique archive evidence into the selected newsletter migration; retire the copied page."
"P035","PAGE","https://www.fchfh.org/copy-of-bourbon-blueprint-rules","PAGES_SITEMAP","2026-07-01","RETIRE","EVENT_COPY_ARTIFACT","DUPLICATE|RAFFLE_LEGAL","Merge any legally necessary evidence into retained event records; retire the copied page."
"P036","PAGE","https://www.fchfh.org/giftinkind","PAGES_SITEMAP","2026-07-01","VERIFY","GIFT_IN_KIND","HUMAN_VERIFY|DONATION_CLAIMS","Verify accepted items valuation language and operational process before transformation."
"B001","POST","https://www.fchfh.org/post/habitat-skydive-2022","BLOG_POSTS_SITEMAP","2022-01-18","ARCHIVE","EVENT_HISTORY","STALE_EVENT","Preserve as dated event history; do not present as current."
"B002","POST","https://www.fchfh.org/post/hab-o-ween","BLOG_POSTS_SITEMAP","2021-09-16","ARCHIVE","EVENT_HISTORY","STALE_EVENT","Preserve as dated event history."
"B003","POST","https://www.fchfh.org/post/st-james-holy-smokers-donate-to-fchfh","BLOG_POSTS_SITEMAP","2018-12-13","MIGRATE_SELECTED","PARTNER_HISTORY","PARTNER_PERMISSION|PHOTO_CONSENT","Valuable partner and community history subject to attribution and media rights."
"B004","POST","https://www.fchfh.org/post/habitat-casino-night-fundraiser-1","BLOG_POSTS_SITEMAP","2025-09-03","ARCHIVE","EVENT_HISTORY","STALE_EVENT","Preserve the dated fundraiser edition; future editions are separate records."
"B005","POST","https://www.fchfh.org/post/why-sweat-equity-matters-building-more-than-just-homes","BLOG_POSTS_SITEMAP","2025-03-17","MIGRATE_SELECTED","EVERGREEN_EDUCATION","CLAIMS_VERIFY","Candidate evergreen educational content after factual review."
"B006","POST","https://www.fchfh.org/post/matching-fund-campaign-underway-for-fayette-county-habitat-for-humanity","BLOG_POSTS_SITEMAP","2018-12-30","ARCHIVE","CAMPAIGN_HISTORY","STALE_CAMPAIGN|DONATION_CLAIMS","Preserve dated campaign evidence; remove obsolete calls to action."
"B007","POST","https://www.fchfh.org/post/join-the-construction-committee-help-build-homes-and-hope-in-fayette-county","BLOG_POSTS_SITEMAP","2025-04-07","VERIFY","VOLUNTEER_RECRUITMENT","HUMAN_VERIFY|PHOTO_CONSENT","Verify committee structure and current recruitment details before reuse."
"B008","POST","https://www.fchfh.org/post/habitat-christmas-coloring-contest-1","BLOG_POSTS_SITEMAP","2022-11-16","ARCHIVE","EVENT_HISTORY","STALE_EVENT|MINOR_CONSENT","Preserve dated contest history with child-media consent review."
"B009","POST","https://www.fchfh.org/post/new-project-announcement-camp-st-cottages","BLOG_POSTS_SITEMAP","2021-09-10","MIGRATE_SELECTED","PROJECT_HISTORY","HUMAN_VERIFY","Valuable Camp St. Cottages project history for structured transformation."
"B010","POST","https://www.fchfh.org/post/habitat-paint-day-a-huge-success","BLOG_POSTS_SITEMAP","2019-02-11","MIGRATE_SELECTED","PROJECT_HISTORY","PHOTO_CONSENT","Valuable build and volunteer history subject to media consent."
"B011","POST","https://www.fchfh.org/post/hostyn-catholic-youth-host-pancake-supper-for-habitat","BLOG_POSTS_SITEMAP","2018-11-11","MIGRATE_SELECTED","PARTNER_HISTORY","MINOR_CONSENT|PARTNER_PERMISSION","Valuable community partnership history subject to minor and partner permissions."
"B012","POST","https://www.fchfh.org/post/hab-o-ween-laser-tag","BLOG_POSTS_SITEMAP","2022-10-07","ARCHIVE","EVENT_HISTORY","STALE_EVENT","Preserve as dated event history."
"B013","POST","https://www.fchfh.org/post/christmas-card-coloring-contest-winners","BLOG_POSTS_SITEMAP","2020-12-14","ARCHIVE","EVENT_RESULTS","STALE_EVENT|MINOR_CONSENT","Preserve dated results only after child-media consent review."
"B014","POST","https://www.fchfh.org/post/jill-stueber-casserole-fundraiser-for-habitat","BLOG_POSTS_SITEMAP","2024-03-04","ARCHIVE","CAMPAIGN_HISTORY","STALE_CAMPAIGN","Preserve dated fundraiser history; remove obsolete transaction calls to action."
"B015","POST","https://www.fchfh.org/post/cisneros-vlasac-close-on-new-home","BLOG_POSTS_SITEMAP","2019-08-09","MIGRATE_SELECTED","PROJECT_HISTORY","PRIVACY_REVIEW|PARTICIPANT_CONSENT","Valuable project milestone subject to participant privacy and publication consent."
"B016","POST","https://www.fchfh.org/post/hab-o-ween-volunteers-needed","BLOG_POSTS_SITEMAP","2021-09-30","ARCHIVE","VOLUNTEER_HISTORY","STALE_EVENT","Preserve dated recruitment history; do not reuse obsolete call to action."
"B017","POST","https://www.fchfh.org/post/habitat-helps-out-at-st-james-episcopal-church","BLOG_POSTS_SITEMAP","2024-01-27","MIGRATE_SELECTED","PARTNER_HISTORY","PARTNER_PERMISSION|PHOTO_CONSENT","Valuable service and partner history subject to permissions."
"B018","POST","https://www.fchfh.org/post/habitat-casino-night-fundraiser","BLOG_POSTS_SITEMAP","2024-09-20","ARCHIVE","EVENT_HISTORY","STALE_EVENT","Preserve the dated event edition."
"B019","POST","https://www.fchfh.org/post/second-chance-emporium-donates-to-fchfh","BLOG_POSTS_SITEMAP","2019-01-19","MIGRATE_SELECTED","PARTNER_HISTORY","PARTNER_PERMISSION|PHOTO_CONSENT","Valuable partner history subject to attribution and media rights."
"B020","POST","https://www.fchfh.org/post/hab-o-ween-laser-tag-signup","BLOG_POSTS_SITEMAP","2021-10-25","ARCHIVE","EVENT_HISTORY","STALE_EVENT","Preserve dated event history; remove obsolete signup action."
"B021","POST","https://www.fchfh.org/post/wright-home-update","BLOG_POSTS_SITEMAP","2025-02-15","MIGRATE_SELECTED","PROJECT_HISTORY","PRIVACY_REVIEW|PARTICIPANT_CONSENT","Valuable project history subject to household privacy and publication consent."
"B022","POST","https://www.fchfh.org/post/building-futures-why-your-donation-makes-a-lasting-impact","BLOG_POSTS_SITEMAP","2025-03-03","VERIFY","EVERGREEN_EDUCATION","DONATION_CLAIMS","Verify fundraising and impact claims before selective reuse."
"B023","POST","https://www.fchfh.org/post/fayette-county-habitat-housing-survey-2020","BLOG_POSTS_SITEMAP","2020-08-04","MIGRATE_SELECTED","IMPACT_EVIDENCE","METHODOLOGY_VERIFY","Preserve survey evidence with methodology provenance and dated context."
"B024","POST","https://www.fchfh.org/post/support-habitat-skydivers","BLOG_POSTS_SITEMAP","2021-03-13","ARCHIVE","CAMPAIGN_HISTORY","STALE_CAMPAIGN","Preserve dated campaign history; remove obsolete donation action."
"B025","POST","https://www.fchfh.org/post/habitat-christmas-coloring-contest","BLOG_POSTS_SITEMAP","2020-12-01","ARCHIVE","EVENT_HISTORY","STALE_EVENT|MINOR_CONSENT","Preserve dated contest history with child-media consent review."
"B026","POST","https://www.fchfh.org/post/building-a-home-building-a-future-donations-at-work-for-the-wright-family","BLOG_POSTS_SITEMAP","2025-03-10","MIGRATE_SELECTED","PROJECT_HISTORY","PRIVACY_REVIEW|PARTICIPANT_CONSENT|DONATION_CLAIMS","Valuable impact story subject to household consent and claim verification."
"B027","POST","https://www.fchfh.org/post/fayetteville-bank-donates-1-000","BLOG_POSTS_SITEMAP","2020-01-15","MIGRATE_SELECTED","PARTNER_HISTORY","PARTNER_PERMISSION|PHOTO_CONSENT","Valuable partner history subject to attribution and media rights."
"B028","POST","https://www.fchfh.org/post/the-habitat-gambit-chess-tournament","BLOG_POSTS_SITEMAP","2023-03-31","ARCHIVE","EVENT_HISTORY","STALE_EVENT","Preserve dated event history."
"B029","POST","https://www.fchfh.org/post/first-coat-of-paint-goes-on-despite-weather","BLOG_POSTS_SITEMAP","2018-11-11","MIGRATE_SELECTED","PROJECT_HISTORY","PHOTO_CONSENT","Valuable build history subject to media consent."
"B030","POST","https://www.fchfh.org/post/habitat-small-business-passport-available-for-pre-order","BLOG_POSTS_SITEMAP","2025-06-04","ARCHIVE","CAMPAIGN_HISTORY","STALE_CAMPAIGN","Preserve dated campaign history; remove obsolete preorder action."
"B031","POST","https://www.fchfh.org/post/2x4-season-begins","BLOG_POSTS_SITEMAP","2023-08-02","ARCHIVE","CAMPAIGN_HISTORY","STALE_CAMPAIGN","Preserve dated campaign history."
"B032","POST","https://www.fchfh.org/post/fayette-county-habitat-partners-with-boys-girls-club-in-schulenburg","BLOG_POSTS_SITEMAP","2019-10-30","MIGRATE_SELECTED","PARTNER_HISTORY","MINOR_CONSENT|PARTNER_PERMISSION","Valuable partnership history subject to minor and partner permissions."
"B033","POST","https://www.fchfh.org/post/join-habitat-for-skydive-2023","BLOG_POSTS_SITEMAP","2023-02-14","ARCHIVE","EVENT_HISTORY","STALE_EVENT","Preserve dated event history; remove obsolete registration action."
"B034","POST","https://www.fchfh.org/post/donate-your-old-car-how-vehicle-donations-fuel-habitat-projects","BLOG_POSTS_SITEMAP","2025-02-24","VERIFY","EVERGREEN_EDUCATION","EXTERNAL_DEPENDENCY|DONATION_CLAIMS","Verify program claims and replace the session-tracked Cars for Homes URL with a clean supported link."
"B035","POST","https://www.fchfh.org/post/habitat-bourbon-raffle","BLOG_POSTS_SITEMAP","2026-05-12","ARCHIVE","EVENT_HISTORY","RAFFLE_LEGAL|STALE_EVENT","Preserve dated raffle evidence with legal review and final results."
"B036","POST","https://www.fchfh.org/post/habitat-for-humanity-texas-names-kenny-couch-the-affiliate-volunteer-of-the-year","BLOG_POSTS_SITEMAP","2019-09-27","MIGRATE_SELECTED","PEOPLE_HISTORY","PHOTO_CONSENT|SOURCE_VERIFY","Valuable recognition history subject to source and media verification."
"B037","POST","https://www.fchfh.org/post/fayette-county-habitat-for-humanity-selects-partner-family-for-new-home-build","BLOG_POSTS_SITEMAP","2023-07-24","MIGRATE_SELECTED","PROJECT_HISTORY","PRIVACY_REVIEW|PARTICIPANT_CONSENT","Valuable project history subject to household privacy and consent."
"B038","POST","https://www.fchfh.org/post/tamu-partners-with-fchfh-for-impact-study","BLOG_POSTS_SITEMAP","2019-04-25","MIGRATE_SELECTED","IMPACT_EVIDENCE","PARTNER_PERMISSION|METHODOLOGY_VERIFY","Valuable impact and research evidence subject to partner attribution and methodology."
"B039","POST","https://www.fchfh.org/post/skydiving-schedule","BLOG_POSTS_SITEMAP","2021-04-13","ARCHIVE","EVENT_HISTORY","STALE_EVENT","Preserve dated event schedule only as history."
"B040","POST","https://www.fchfh.org/post/jimmy-s-bock-release-party","BLOG_POSTS_SITEMAP","2023-10-26","ARCHIVE","EVENT_HISTORY","STALE_EVENT","Preserve dated event and partner history."
"B041","POST","https://www.fchfh.org/post/habitat-christmas-coloring-contest-2","BLOG_POSTS_SITEMAP","2023-10-09","ARCHIVE","EVENT_HISTORY","STALE_EVENT|MINOR_CONSENT","Preserve dated contest history with child-media consent review."
"B042","POST","https://www.fchfh.org/post/family-selection-begins-for-fayette-county-habitat-1","BLOG_POSTS_SITEMAP","2022-09-13","ARCHIVE","APPLICATION_NOTICE","STALE_APPLICATION|PRIVACY_REVIEW","Preserve dated notice as institutional history; do not reuse obsolete intake instructions."
"B043","POST","https://www.fchfh.org/post/young-neighbors-in-action-donates-to-fchfh","BLOG_POSTS_SITEMAP","2019-01-05","MIGRATE_SELECTED","PARTNER_HISTORY","MINOR_CONSENT|PARTNER_PERMISSION","Valuable community partnership history subject to minor and partner permissions."
"B044","POST","https://www.fchfh.org/post/habitat-skydive-eventapril-17th","BLOG_POSTS_SITEMAP","2021-03-24","ARCHIVE","EVENT_HISTORY","STALE_EVENT","Preserve dated event history."
"B045","POST","https://www.fchfh.org/post/join-a-habitat-committee-how-you-can-shape-the-future-of-affordable-housing","BLOG_POSTS_SITEMAP","2025-03-31","VERIFY","VOLUNTEER_RECRUITMENT","HUMAN_VERIFY|PHOTO_CONSENT","Verify committee structure and current recruitment details before reuse."
"B046","POST","https://www.fchfh.org/post/family-selection-begins-for-fayette-county-habitat","BLOG_POSTS_SITEMAP","2020-01-31","ARCHIVE","APPLICATION_NOTICE","STALE_APPLICATION|PRIVACY_REVIEW","Preserve dated notice as institutional history; do not reuse obsolete intake instructions."
"B047","POST","https://www.fchfh.org/post/the-power-of-a-monthly-donation-changing-lives-year-round","BLOG_POSTS_SITEMAP","2025-02-14","VERIFY","EVERGREEN_EDUCATION","DONATION_CLAIMS|EXTERNAL_DEPENDENCY","Verify recurring-giving claims and supported DonorView destination before reuse."
"B048","POST","https://www.fchfh.org/post/building-more-than-homes-how-habitat-improves-our-community-beyond-housing","BLOG_POSTS_SITEMAP","2025-02-17","VERIFY","EVERGREEN_EDUCATION","IMPACT_CLAIMS","Verify all impact claims and attribution before reuse."
"B049","POST","https://www.fchfh.org/post/habitat-announces-first-keystone-partner","BLOG_POSTS_SITEMAP","2020-12-01","MIGRATE_SELECTED","PARTNER_HISTORY","PARTNER_PERMISSION|SOURCE_VERIFY","Valuable partner milestone subject to attribution and current recognition permission."
"B050","POST","https://www.fchfh.org/post/test-3","BLOG_POSTS_SITEMAP","2018-10-16","RETIRE","TEST_CONTENT","LOW_VALUE","Confirmed test content with no enduring migration value."
"B051","POST","https://www.fchfh.org/post/jill-stueber-casserole-fundraiser","BLOG_POSTS_SITEMAP","2023-04-04","ARCHIVE","CAMPAIGN_HISTORY","STALE_CAMPAIGN","Preserve dated fundraiser history; remove obsolete transaction action."
"B052","POST","https://www.fchfh.org/post/habitat-skydive-2022-jump-schedule","BLOG_POSTS_SITEMAP","2022-04-19","ARCHIVE","EVENT_HISTORY","STALE_EVENT","Preserve dated event schedule only as history."
"B053","POST","https://www.fchfh.org/post/bourbon-raffle-winners-announced","BLOG_POSTS_SITEMAP","2026-05-25","ARCHIVE","EVENT_RESULTS","RAFFLE_LEGAL|STALE_EVENT","Preserve dated results as legal and event evidence after review."
"C001","CATEGORY_INDEX","https://www.fchfh.org/blog/categories/getting-started","BLOG_CATEGORIES_SITEMAP","2020-07-23","RETIRE","LEGACY_CATEGORY","LEGACY_TAXONOMY|LOW_VALUE","Retire the generic Wix category; it does not define the new taxonomy."
"C002","CATEGORY_INDEX","https://www.fchfh.org/blog/categories/your-community","BLOG_CATEGORIES_SITEMAP","2020-07-23","ARCHIVE","LEGACY_CATEGORY","LEGACY_TAXONOMY","Retain only as evidence for classifying selected content; do not reproduce the taxonomy automatically."
