"manifest_id","source_legacy_id","source_url","legacy_asset_url","legacy_filename","asset_kind","observed_format","disposition","rights_status","privacy_review","alt_text_status","notes"
"M001","B001","https://www.fchfh.org/post/habitat-skydive-2022","https://static.wixstatic.com/media/cfaa59_e1d0bfdc21584852bda97178c99d9ce2~mv2.jpg","","BLOG_HERO","jpg","ARCHIVE","VERIFY_OWNERSHIP","VERIFY","REWRITE_REQUIRED","Indexed hero association; migrate or archive only with the approved parent content and verified source rights."
"M002","B002","https://www.fchfh.org/post/hab-o-ween","https://static.wixstatic.com/media/cfaa59_1abf6629dca44019bf903cb033ce8e0a~mv2.jpg","","BLOG_HERO","jpg","ARCHIVE","VERIFY_OWNERSHIP","VERIFY","REWRITE_REQUIRED","Indexed hero association; migrate or archive only with the approved parent content and verified source rights."
"M003","B003","https://www.fchfh.org/post/st-james-holy-smokers-donate-to-fchfh","https://static.wixstatic.com/media/cfaa59_a3f9d28d640e4ca18c423d537abf250d~mv2_d_4208_3100_s_4_2.jpg","","BLOG_HERO","jpg","MIGRATE_SELECTED","VERIFY_OWNERSHIP","VERIFY","REWRITE_REQUIRED","Indexed hero association; migrate or archive only with the approved parent content and verified source rights."
"M004","B004","https://www.fchfh.org/post/habitat-casino-night-fundraiser-1","https://static.wixstatic.com/media/cfaa59_78f91738603c46e3b8430df6f56b9e45~mv2.png","","BLOG_HERO","png","ARCHIVE","VERIFY_OWNERSHIP","VERIFY","REWRITE_REQUIRED","Indexed hero association; migrate or archive only with the approved parent content and verified source rights."
"M005","B005","https://www.fchfh.org/post/why-sweat-equity-matters-building-more-than-just-homes","https://static.wixstatic.com/media/cfaa59_0eddc7da95724f0bb1229bbf90c474a4~mv2.jpg","","BLOG_HERO","jpg","MIGRATE_SELECTED","VERIFY_OWNERSHIP","VERIFY","REWRITE_REQUIRED","Indexed hero association; migrate or archive only with the approved parent content and verified source rights."
"M006","B006","https://www.fchfh.org/post/matching-fund-campaign-underway-for-fayette-county-habitat-for-humanity","https://static.wixstatic.com/media/cfaa59_2261d49779354361b09a1e5c694a6ac1~mv2_d_2400_1600_s_2.jpg","","BLOG_HERO","jpg","ARCHIVE","VERIFY_OWNERSHIP","VERIFY","REWRITE_REQUIRED","Indexed hero association; migrate or archive only with the approved parent content and verified source rights."
"M007","B007","https://www.fchfh.org/post/join-the-construction-committee-help-build-homes-and-hope-in-fayette-county","https://static.wixstatic.com/media/cfaa59_1e635145340d4d14bfdc997a9b269e0f~mv2.png","IMG_2611.HEIC","BLOG_HERO","png","VERIFY","VERIFY_OWNERSHIP","VERIFY","REWRITE_REQUIRED","Sitemap hero is a Wix PNG conversion of a HEIC upload; obtain the source or highest-quality export and write meaningful alt text."
"M008","B008","https://www.fchfh.org/post/habitat-christmas-coloring-contest-1","https://static.wixstatic.com/media/cfaa59_1ee92cc80f354ee48819d40b204f867d~mv2.gif","","BLOG_HERO","gif","ARCHIVE","VERIFY_OWNERSHIP","REQUIRED","REWRITE_REQUIRED","Indexed hero association; migrate or archive only with the approved parent content and verified source rights."
"M009","B009","https://www.fchfh.org/post/new-project-announcement-camp-st-cottages","https://static.wixstatic.com/media/cfaa59_059e49d9096f415a9346622a1374fb11~mv2.jpg","","BLOG_HERO","jpg","MIGRATE_SELECTED","VERIFY_OWNERSHIP","VERIFY","REWRITE_REQUIRED","Indexed hero association; migrate or archive only with the approved parent content and verified source rights."
"M010","B010","https://www.fchfh.org/post/habitat-paint-day-a-huge-success","https://static.wixstatic.com/media/cfaa59_f8e599b38bd5497cb70e72d98f2ae613~mv2_d_1600_1200_s_2.jpg","","BLOG_HERO","jpg","MIGRATE_SELECTED","VERIFY_OWNERSHIP","VERIFY","REWRITE_REQUIRED","Indexed hero association; migrate or archive only with the approved parent content and verified source rights."
"M011","B011","https://www.fchfh.org/post/hostyn-catholic-youth-host-pancake-supper-for-habitat","https://static.wixstatic.com/media/cfaa59_8507d0291a1a4f428a24c2a677d31f4d~mv2.jpg","","BLOG_HERO","jpg","MIGRATE_SELECTED","VERIFY_OWNERSHIP","REQUIRED","REWRITE_REQUIRED","Indexed hero association; migrate or archive only with the approved parent content and verified source rights."
"M012","B012","https://www.fchfh.org/post/hab-o-ween-laser-tag","https://static.wixstatic.com/media/cfaa59_e370664f8c424e59b4fffd8db7b3d5ca~mv2.jpg","","BLOG_HERO","jpg","ARCHIVE","VERIFY_OWNERSHIP","VERIFY","REWRITE_REQUIRED","Indexed hero association; migrate or archive only with the approved parent content and verified source rights."
"M013","B013","https://www.fchfh.org/post/christmas-card-coloring-contest-winners","https://static.wixstatic.com/media/cfaa59_043459b5f2004b24b16d4f6d9ade3135~mv2.jpg","","BLOG_HERO","jpg","ARCHIVE","VERIFY_OWNERSHIP","REQUIRED","REWRITE_REQUIRED","Indexed hero association; migrate or archive only with the approved parent content and verified source rights."
"M014","B014","https://www.fchfh.org/post/jill-stueber-casserole-fundraiser-for-habitat","https://static.wixstatic.com/media/cfaa59_7beb5b45ddab4ce196863d0fa8b68f1a~mv2.jpg","","BLOG_HERO","jpg","ARCHIVE","VERIFY_OWNERSHIP","VERIFY","REWRITE_REQUIRED","Indexed hero association; migrate or archive only with the approved parent content and verified source rights."
"M015","B015","https://www.fchfh.org/post/cisneros-vlasac-close-on-new-home","https://static.wixstatic.com/media/cfaa59_46e1f9e1cacc484994972346adb53c18~mv2.jpg","","BLOG_HERO","jpg","MIGRATE_SELECTED","VERIFY_OWNERSHIP","REQUIRED","REWRITE_REQUIRED","Indexed hero association; migrate or archive only with the approved parent content and verified source rights."
"M016","B016","https://www.fchfh.org/post/hab-o-ween-volunteers-needed","https://static.wixstatic.com/media/cfaa59_a7bc0e535d204e019d226d437786dbd0~mv2.jpg","","BLOG_HERO","jpg","ARCHIVE","VERIFY_OWNERSHIP","VERIFY","REWRITE_REQUIRED","Indexed hero association; migrate or archive only with the approved parent content and verified source rights."
"M017","B017","https://www.fchfh.org/post/habitat-helps-out-at-st-james-episcopal-church","https://static.wixstatic.com/media/cfaa59_daa92d638236400083af458b785fb8e8~mv2.jpg","","BLOG_HERO","jpg","MIGRATE_SELECTED","VERIFY_OWNERSHIP","VERIFY","REWRITE_REQUIRED","Indexed hero association; migrate or archive only with the approved parent content and verified source rights."
"M018","B018","https://www.fchfh.org/post/habitat-casino-night-fundraiser","https://static.wixstatic.com/media/cfaa59_789b69c4bdb74d68bf4fbea21caa79ec~mv2.png","","BLOG_HERO","png","ARCHIVE","VERIFY_OWNERSHIP","VERIFY","REWRITE_REQUIRED","Indexed hero association; migrate or archive only with the approved parent content and verified source rights."
"M019","B019","https://www.fchfh.org/post/second-chance-emporium-donates-to-fchfh","https://static.wixstatic.com/media/cfaa59_0afb13b943344722a58c20308a319b2e~mv2_d_2032_1524_s_2.jpg","","BLOG_HERO","jpg","MIGRATE_SELECTED","VERIFY_OWNERSHIP","VERIFY","REWRITE_REQUIRED","Indexed hero association; migrate or archive only with the approved parent content and verified source rights."
"M020","B020","https://www.fchfh.org/post/hab-o-ween-laser-tag-signup","https://static.wixstatic.com/media/cfaa59_de81e05c39854d4fba7591515271e516~mv2.jpeg","","BLOG_HERO","jpeg","ARCHIVE","VERIFY_OWNERSHIP","VERIFY","REWRITE_REQUIRED","Indexed hero association; migrate or archive only with the approved parent content and verified source rights."
"M021","B021","https://www.fchfh.org/post/wright-home-update","https://static.wixstatic.com/media/cfaa59_0763f524fde24d95895d58ecc01cff85~mv2.jpg","","BLOG_HERO","jpg","MIGRATE_SELECTED","VERIFY_OWNERSHIP","REQUIRED","REWRITE_REQUIRED","Indexed hero association; migrate or archive only with the approved parent content and verified source rights."
"M022","B022","https://www.fchfh.org/post/building-futures-why-your-donation-makes-a-lasting-impact","https://static.wixstatic.com/media/cfaa59_bd3afbd5e6454246a7cce4a427318ea5~mv2.jpg","","BLOG_HERO","jpg","VERIFY","VERIFY_OWNERSHIP","VERIFY","REWRITE_REQUIRED","Indexed hero association; migrate or archive only with the approved parent content and verified source rights."
"M023","B023","https://www.fchfh.org/post/fayette-county-habitat-housing-survey-2020","https://static.wixstatic.com/media/11062b_d3318dd21f604338bda270908a0d9d77~mv2.jpg","","BLOG_HERO","jpg","MIGRATE_SELECTED","VERIFY_OWNERSHIP","VERIFY","REWRITE_REQUIRED","Indexed hero association; migrate or archive only with the approved parent content and verified source rights."
"M024","B024","https://www.fchfh.org/post/support-habitat-skydivers","https://static.wixstatic.com/media/cfaa59_e1d0bfdc21584852bda97178c99d9ce2~mv2.jpg","","BLOG_HERO","jpg","ARCHIVE","VERIFY_OWNERSHIP","VERIFY","REWRITE_REQUIRED","Indexed hero association; migrate or archive only with the approved parent content and verified source rights."
"M025","B025","https://www.fchfh.org/post/habitat-christmas-coloring-contest","https://static.wixstatic.com/media/cfaa59_1ee92cc80f354ee48819d40b204f867d~mv2.gif","","BLOG_HERO","gif","ARCHIVE","VERIFY_OWNERSHIP","REQUIRED","REWRITE_REQUIRED","Indexed hero association; migrate or archive only with the approved parent content and verified source rights."
"M026","B026","https://www.fchfh.org/post/building-a-home-building-a-future-donations-at-work-for-the-wright-family","https://static.wixstatic.com/media/cfaa59_9194a3d57e444d4ab73e47c083ffeb27~mv2.jpg","","BLOG_HERO","jpg","MIGRATE_SELECTED","VERIFY_OWNERSHIP","REQUIRED","REWRITE_REQUIRED","Indexed hero association; migrate or archive only with the approved parent content and verified source rights."
"M027","B027","https://www.fchfh.org/post/fayetteville-bank-donates-1-000","https://static.wixstatic.com/media/cfaa59_06ce30cb390f480ead7d0ca06de1181c~mv2.jpg","","BLOG_HERO","jpg","MIGRATE_SELECTED","VERIFY_OWNERSHIP","VERIFY","REWRITE_REQUIRED","Indexed hero association; migrate or archive only with the approved parent content and verified source rights."
"M028","B028","https://www.fchfh.org/post/the-habitat-gambit-chess-tournament","https://static.wixstatic.com/media/cfaa59_2d8b335ec0c646ef9050c98fef4173cd~mv2.jpg","","BLOG_HERO","jpg","ARCHIVE","VERIFY_OWNERSHIP","VERIFY","REWRITE_REQUIRED","Indexed hero association; migrate or archive only with the approved parent content and verified source rights."
"M029","B029","https://www.fchfh.org/post/first-coat-of-paint-goes-on-despite-weather","https://static.wixstatic.com/media/cfaa59_e90c1a54d44a44779cbac753b98ec1c7~mv2_d_4032_3024_s_4_2.jpg","","BLOG_HERO","jpg","MIGRATE_SELECTED","VERIFY_OWNERSHIP","VERIFY","REWRITE_REQUIRED","Indexed hero association; migrate or archive only with the approved parent content and verified source rights."
"M030","B030","https://www.fchfh.org/post/habitat-small-business-passport-available-for-pre-order","https://static.wixstatic.com/media/cfaa59_7e3ec920f12d47fc9ac58d40e2a92315~mv2.png","","BLOG_HERO","png","ARCHIVE","VERIFY_OWNERSHIP","VERIFY","REWRITE_REQUIRED","Indexed hero association; migrate or archive only with the approved parent content and verified source rights."
"M031","B031","https://www.fchfh.org/post/2x4-season-begins","https://static.wixstatic.com/media/cfaa59_ec171682da2f48e69938ee3bf9e9541a~mv2.jpg","","BLOG_HERO","jpg","ARCHIVE","VERIFY_OWNERSHIP","VERIFY","REWRITE_REQUIRED","Indexed hero association; migrate or archive only with the approved parent content and verified source rights."
"M032","B032","https://www.fchfh.org/post/fayette-county-habitat-partners-with-boys-girls-club-in-schulenburg","https://static.wixstatic.com/media/cfaa59_2618c1fbb5774d709e7907c420e2e0da~mv2.jpg","","BLOG_HERO","jpg","MIGRATE_SELECTED","VERIFY_OWNERSHIP","REQUIRED","REWRITE_REQUIRED","Indexed hero association; migrate or archive only with the approved parent content and verified source rights."
"M033","B033","https://www.fchfh.org/post/join-habitat-for-skydive-2023","https://static.wixstatic.com/media/cfaa59_e1d0bfdc21584852bda97178c99d9ce2~mv2.jpg","","BLOG_HERO","jpg","ARCHIVE","VERIFY_OWNERSHIP","VERIFY","REWRITE_REQUIRED","Indexed hero association; migrate or archive only with the approved parent content and verified source rights."
"M034","B034","https://www.fchfh.org/post/donate-your-old-car-how-vehicle-donations-fuel-habitat-projects","https://static.wixstatic.com/media/cfaa59_9e457fd1d6404e6c9dda2c10df35e152~mv2.jpg","","BLOG_HERO","jpg","VERIFY","VERIFY_OWNERSHIP","VERIFY","REWRITE_REQUIRED","Indexed hero association; migrate or archive only with the approved parent content and verified source rights."
"M035","B035","https://www.fchfh.org/post/habitat-bourbon-raffle","https://static.wixstatic.com/media/cfaa59_d3e82d850aa14d8eb75dc18d01b83189~mv2.png","","BLOG_HERO","png","ARCHIVE","VERIFY_OWNERSHIP","VERIFY","REWRITE_REQUIRED","Indexed hero association; migrate or archive only with the approved parent content and verified source rights."
"M036","B036","https://www.fchfh.org/post/habitat-for-humanity-texas-names-kenny-couch-the-affiliate-volunteer-of-the-year","https://static.wixstatic.com/media/cfaa59_cb0b24b0668a4470b8c89051ef2425b6~mv2.jpg","","BLOG_HERO","jpg","MIGRATE_SELECTED","VERIFY_OWNERSHIP","VERIFY","REWRITE_REQUIRED","Indexed hero association; migrate or archive only with the approved parent content and verified source rights."
"M037","B037","https://www.fchfh.org/post/fayette-county-habitat-for-humanity-selects-partner-family-for-new-home-build","https://static.wixstatic.com/media/cfaa59_bc778b183a1d4289a101b5dc4defe1f4~mv2.png","","BLOG_HERO","png","MIGRATE_SELECTED","VERIFY_OWNERSHIP","REQUIRED","REWRITE_REQUIRED","Indexed hero association; migrate or archive only with the approved parent content and verified source rights."
"M038","B038","https://www.fchfh.org/post/tamu-partners-with-fchfh-for-impact-study","https://static.wixstatic.com/media/cfaa59_eb05e5309b1d4eef802d5e199acc1005~mv2_d_4032_2267_s_2.jpg","","BLOG_HERO","jpg","MIGRATE_SELECTED","VERIFY_OWNERSHIP","VERIFY","REWRITE_REQUIRED","Indexed hero association; migrate or archive only with the approved parent content and verified source rights."
"M039","B039","https://www.fchfh.org/post/skydiving-schedule","https://static.wixstatic.com/media/cfaa59_bf11de7de3f9493482d75c6cecddc8ea~mv2.jpg","","BLOG_HERO","jpg","ARCHIVE","VERIFY_OWNERSHIP","VERIFY","REWRITE_REQUIRED","Indexed hero association; migrate or archive only with the approved parent content and verified source rights."
"M040","B040","https://www.fchfh.org/post/jimmy-s-bock-release-party","https://static.wixstatic.com/media/cfaa59_9f099f472910479d9ffb270a1a8c1630~mv2.png","","BLOG_HERO","png","ARCHIVE","VERIFY_OWNERSHIP","VERIFY","REWRITE_REQUIRED","Indexed hero association; migrate or archive only with the approved parent content and verified source rights."
"M041","B041","https://www.fchfh.org/post/habitat-christmas-coloring-contest-2","https://static.wixstatic.com/media/cfaa59_1ee92cc80f354ee48819d40b204f867d~mv2.gif","","BLOG_HERO","gif","ARCHIVE","VERIFY_OWNERSHIP","REQUIRED","REWRITE_REQUIRED","Indexed hero association; migrate or archive only with the approved parent content and verified source rights."
"M042","B042","https://www.fchfh.org/post/family-selection-begins-for-fayette-county-habitat-1","https://static.wixstatic.com/media/cfaa59_8844fc1b02154764993eadeea2adb1d5~mv2.png","","BLOG_HERO","png","ARCHIVE","VERIFY_OWNERSHIP","REQUIRED","REWRITE_REQUIRED","Indexed hero association; migrate or archive only with the approved parent content and verified source rights."
"M043","B043","https://www.fchfh.org/post/young-neighbors-in-action-donates-to-fchfh","https://static.wixstatic.com/media/cfaa59_e50b3bd26a3b4e5e9eab92a0bab09d48~mv2_d_2400_1800_s_2.jpg","","BLOG_HERO","jpg","MIGRATE_SELECTED","VERIFY_OWNERSHIP","REQUIRED","REWRITE_REQUIRED","Indexed hero association; migrate or archive only with the approved parent content and verified source rights."
"M044","B044","https://www.fchfh.org/post/habitat-skydive-eventapril-17th","https://static.wixstatic.com/media/cfaa59_e1d99d5259144d5788da847c7b496c40~mv2.jpg","","BLOG_HERO","jpg","ARCHIVE","VERIFY_OWNERSHIP","VERIFY","REWRITE_REQUIRED","Indexed hero association; migrate or archive only with the approved parent content and verified source rights."
"M045","B045","https://www.fchfh.org/post/join-a-habitat-committee-how-you-can-shape-the-future-of-affordable-housing","https://static.wixstatic.com/media/cfaa59_f17b6c2b948c42ebafd6904f108ceb8f~mv2.jpg","","BLOG_HERO","jpg","VERIFY","VERIFY_OWNERSHIP","VERIFY","REWRITE_REQUIRED","Indexed hero association; migrate or archive only with the approved parent content and verified source rights."
"M046","B046","https://www.fchfh.org/post/family-selection-begins-for-fayette-county-habitat","https://static.wixstatic.com/media/34efaf1940d446c6a4bc7aed43ebfdfd.jpg","","BLOG_HERO","jpg","ARCHIVE","VERIFY_OWNERSHIP","REQUIRED","REWRITE_REQUIRED","Indexed hero association; migrate or archive only with the approved parent content and verified source rights."
"M047","B047","https://www.fchfh.org/post/the-power-of-a-monthly-donation-changing-lives-year-round","https://static.wixstatic.com/media/cfaa59_2100a9582eec46be9036dca9af939cb1~mv2.png","","BLOG_HERO","png","VERIFY","VERIFY_OWNERSHIP","VERIFY","REWRITE_REQUIRED","Indexed hero association; migrate or archive only with the approved parent content and verified source rights."
"M048","B048","https://www.fchfh.org/post/building-more-than-homes-how-habitat-improves-our-community-beyond-housing","https://static.wixstatic.com/media/cfaa59_e959ee55706e4f66be6e65dc81a19ebc~mv2.jpg","","BLOG_HERO","jpg","VERIFY","VERIFY_OWNERSHIP","VERIFY","REWRITE_REQUIRED","Indexed hero association; migrate or archive only with the approved parent content and verified source rights."
"M049","B049","https://www.fchfh.org/post/habitat-announces-first-keystone-partner","https://static.wixstatic.com/media/cfaa59_c53a1687391442109f977b4f8e6a8e88~mv2.jpg","","BLOG_HERO","jpg","MIGRATE_SELECTED","VERIFY_OWNERSHIP","VERIFY","REWRITE_REQUIRED","Indexed hero association; migrate or archive only with the approved parent content and verified source rights."
"M050","B050","https://www.fchfh.org/post/test-3","https://static.wixstatic.com/media/cfaa59_cbe7033c6d1a4d6eb8bf53964bf7cf3e~mv2_d_3024_3024_s_4_2.jpg","","BLOG_HERO","jpg","RETIRE","VERIFY_OWNERSHIP","VERIFY","REWRITE_REQUIRED","Indexed hero association; migrate or archive only with the approved parent content and verified source rights."
"M051","B051","https://www.fchfh.org/post/jill-stueber-casserole-fundraiser","https://static.wixstatic.com/media/cfaa59_7beb5b45ddab4ce196863d0fa8b68f1a~mv2.jpg","","BLOG_HERO","jpg","ARCHIVE","VERIFY_OWNERSHIP","VERIFY","REWRITE_REQUIRED","Indexed hero association; migrate or archive only with the approved parent content and verified source rights."
"M052","B052","https://www.fchfh.org/post/habitat-skydive-2022-jump-schedule","https://static.wixstatic.com/media/cfaa59_e1d0bfdc21584852bda97178c99d9ce2~mv2.jpg","","BLOG_HERO","jpg","ARCHIVE","VERIFY_OWNERSHIP","VERIFY","REWRITE_REQUIRED","Indexed hero association; migrate or archive only with the approved parent content and verified source rights."
"M053","B053","https://www.fchfh.org/post/bourbon-raffle-winners-announced","https://static.wixstatic.com/media/cfaa59_d3e82d850aa14d8eb75dc18d01b83189~mv2.png","","BLOG_HERO","png","ARCHIVE","VERIFY_OWNERSHIP","VERIFY","REWRITE_REQUIRED","Indexed hero association; migrate or archive only with the approved parent content and verified source rights."
"M054","P027","https://www.fchfh.org/aginginplace","https://www.fchfh.org/_files/ugd/cfaa59_bb974a47fbf6486d843c4e42fd5a5084.pdf","cfaa59_bb974a47fbf6486d843c4e42fd5a5084.pdf","ASSISTANCE_APPLICATION","pdf","RETIRE","VERIFY_PUBLICATION_RIGHTS","BLOCKED","NOT_APPLICABLE","Contains Social Security Number fields and instructs applicants to email repairs@FCHFH.org; do not migrate or publicly serve."
"M055","P022","https://www.fchfh.org/rapidresponse","https://www.fchfh.org/_files/ugd/cfaa59_bb974a47fbf6486d843c4e42fd5a5084.pdf","cfaa59_bb974a47fbf6486d843c4e42fd5a5084.pdf","ASSISTANCE_APPLICATION","pdf","RETIRE","VERIFY_PUBLICATION_RIGHTS","BLOCKED","NOT_APPLICABLE","Same high-risk application: SSN collection plus email submission; replace later with a private no-SSN application workflow."
"M056","P021","https://www.fchfh.org/casinonight","https://www.fchfh.org/_files/ugd/cfaa59_0d3e2eccf86a471eade4286bb0c06cd6.pdf","cfaa59_0d3e2eccf86a471eade4286bb0c06cd6.pdf","CASINO_DONATION_PLEDGE","pdf","ARCHIVE","VERIFY_PUBLICATION_RIGHTS","VERIFY","NOT_APPLICABLE","Casino Night donation pledge; archive as dated evidence and verify contact details and legal language before any reuse."
"M057","P032","https://www.fchfh.org/newsletter","https://www.fchfh.org/_files/ugd/cfaa59_5c0882cd31154105b287fa49291ccf17.pdf","cfaa59_5c0882cd31154105b287fa49291ccf17.pdf","NEWSLETTER_PDF","pdf","MIGRATE_SELECTED","VERIFY_PUBLICATION_RIGHTS","VERIFY","NOT_APPLICABLE","Habitat Herald Summer 2025; candidate newsletter archive source after rights accessibility and link review."
"M058","P001","https://www.fchfh.org/plannedgiving","https://www.fchfh.org/_files/ugd/cfaa59_7e5cb9b9e44542488bfe5bb88bd6efd4.pdf","cfaa59_7e5cb9b9e44542488bfe5bb88bd6efd4.pdf","PLANNED_GIVING_FORM","pdf","VERIFY","VERIFY_PUBLICATION_RIGHTS","VERIFY","NOT_APPLICABLE","Legacy Builders Society intent form; requires legal content accessibility and current-process review before any migration."
"M059","P028","https://www.fchfh.org/2x4fundraiser","https://static.wixstatic.com/media/cfaa59_2626c55c3e7a4a7a87e18fb1e55812be~mv2.png","IMG_1629 2.HEIC","HEIC_ORIGIN_IMAGE","png","ARCHIVE","VERIFY_OWNERSHIP","REQUIRED","MISSING_OR_UNVERIFIED","Wix serves a converted PNG or AVIF derivative; obtain original HEIC or highest-quality export and verify decode metadata rights consent and descriptive alt text."
"M060","P028","https://www.fchfh.org/2x4fundraiser","https://static.wixstatic.com/media/cfaa59_728d8b23d7c14cba85596feb7d313144~mv2.png","IMG_1803 2.HEIC","HEIC_ORIGIN_IMAGE","png","ARCHIVE","VERIFY_OWNERSHIP","REQUIRED","MISSING_OR_UNVERIFIED","Wix serves a converted PNG or AVIF derivative; obtain original HEIC or highest-quality export and verify decode metadata rights consent and descriptive alt text."
"M061","P028","https://www.fchfh.org/2x4fundraiser","https://static.wixstatic.com/media/cfaa59_a15eaa5c39d94cee9924d02987038e68~mv2.png","IMG_1804 2.HEIC","HEIC_ORIGIN_IMAGE","png","ARCHIVE","VERIFY_OWNERSHIP","REQUIRED","MISSING_OR_UNVERIFIED","Wix serves a converted PNG or AVIF derivative; obtain original HEIC or highest-quality export and verify decode metadata rights consent and descriptive alt text."
"M062","P028","https://www.fchfh.org/2x4fundraiser","https://static.wixstatic.com/media/cfaa59_84ca01eff6ff49119537d49974736ebe~mv2.png","IMG_1805 2.heic","HEIC_ORIGIN_IMAGE","png","ARCHIVE","VERIFY_OWNERSHIP","REQUIRED","MISSING_OR_UNVERIFIED","Wix serves a converted PNG or AVIF derivative; obtain original HEIC or highest-quality export and verify decode metadata rights consent and descriptive alt text."
"M063","P028","https://www.fchfh.org/2x4fundraiser","https://static.wixstatic.com/media/cfaa59_8bd4f6436d014cdd9ea6076675485f2e~mv2.png","IMG_1806 2.heic","HEIC_ORIGIN_IMAGE","png","ARCHIVE","VERIFY_OWNERSHIP","REQUIRED","MISSING_OR_UNVERIFIED","Wix serves a converted PNG or AVIF derivative; obtain original HEIC or highest-quality export and verify decode metadata rights consent and descriptive alt text."
"M064","P028","https://www.fchfh.org/2x4fundraiser","https://static.wixstatic.com/media/cfaa59_1a03a13974004550a92acc62e66dd3ed~mv2.png","IMG_1807 2.heic","HEIC_ORIGIN_IMAGE","png","ARCHIVE","VERIFY_OWNERSHIP","REQUIRED","MISSING_OR_UNVERIFIED","Wix serves a converted PNG or AVIF derivative; obtain original HEIC or highest-quality export and verify decode metadata rights consent and descriptive alt text."
"M065","P028","https://www.fchfh.org/2x4fundraiser","https://static.wixstatic.com/media/cfaa59_800b1d1366c742d383d730f1fee718cb~mv2.png","IMG_1809 2.heic","HEIC_ORIGIN_IMAGE","png","ARCHIVE","VERIFY_OWNERSHIP","REQUIRED","MISSING_OR_UNVERIFIED","Wix serves a converted PNG or AVIF derivative; obtain original HEIC or highest-quality export and verify decode metadata rights consent and descriptive alt text."
"M066","P028","https://www.fchfh.org/2x4fundraiser","https://static.wixstatic.com/media/cfaa59_1fd9744df404454cb13c2ff0b264f704~mv2.png","IMG_1811 2.HEIC","HEIC_ORIGIN_IMAGE","png","ARCHIVE","VERIFY_OWNERSHIP","REQUIRED","MISSING_OR_UNVERIFIED","Wix serves a converted PNG or AVIF derivative; obtain original HEIC or highest-quality export and verify decode metadata rights consent and descriptive alt text."
"M067","P028","https://www.fchfh.org/2x4fundraiser","https://static.wixstatic.com/media/cfaa59_3d5f6515bfde49c08589c53948b0c8f1~mv2.png","IMG_1812 2.HEIC","HEIC_ORIGIN_IMAGE","png","ARCHIVE","VERIFY_OWNERSHIP","REQUIRED","MISSING_OR_UNVERIFIED","Wix serves a converted PNG or AVIF derivative; obtain original HEIC or highest-quality export and verify decode metadata rights consent and descriptive alt text."
"M068","P028","https://www.fchfh.org/2x4fundraiser","https://static.wixstatic.com/media/cfaa59_1da34af6648b4267be9aa8b1ce1d6bab~mv2.png","IMG_1813 2.HEIC","HEIC_ORIGIN_IMAGE","png","ARCHIVE","VERIFY_OWNERSHIP","REQUIRED","MISSING_OR_UNVERIFIED","Wix serves a converted PNG or AVIF derivative; obtain original HEIC or highest-quality export and verify decode metadata rights consent and descriptive alt text."
"M069","P028","https://www.fchfh.org/2x4fundraiser","https://static.wixstatic.com/media/cfaa59_70fe0e36e1f64441bab90915e665d411~mv2.png","IMG_1814 2.HEIC","HEIC_ORIGIN_IMAGE","png","ARCHIVE","VERIFY_OWNERSHIP","REQUIRED","MISSING_OR_UNVERIFIED","Wix serves a converted PNG or AVIF derivative; obtain original HEIC or highest-quality export and verify decode metadata rights consent and descriptive alt text."
"M070","P028","https://www.fchfh.org/2x4fundraiser","https://static.wixstatic.com/media/cfaa59_f47ba3b9b81247dbb8fdfce8767d542d~mv2.png","IMG_1817.HEIC","HEIC_ORIGIN_IMAGE","png","ARCHIVE","VERIFY_OWNERSHIP","REQUIRED","MISSING_OR_UNVERIFIED","Wix serves a converted PNG or AVIF derivative; obtain original HEIC or highest-quality export and verify decode metadata rights consent and descriptive alt text."
"M071","P028","https://www.fchfh.org/2x4fundraiser","https://static.wixstatic.com/media/cfaa59_6c97144aef1b4c61999a1787f3e0427e~mv2.png","IMG_1818.HEIC","HEIC_ORIGIN_IMAGE","png","ARCHIVE","VERIFY_OWNERSHIP","REQUIRED","MISSING_OR_UNVERIFIED","Wix serves a converted PNG or AVIF derivative; obtain original HEIC or highest-quality export and verify decode metadata rights consent and descriptive alt text."
"M072","P028","https://www.fchfh.org/2x4fundraiser","https://static.wixstatic.com/media/cfaa59_a25363e700f0425e9dc027ab2308fa3c~mv2.png","IMG_1897 2.HEIC","HEIC_ORIGIN_IMAGE","png","ARCHIVE","VERIFY_OWNERSHIP","REQUIRED","MISSING_OR_UNVERIFIED","Wix serves a converted PNG or AVIF derivative; obtain original HEIC or highest-quality export and verify decode metadata rights consent and descriptive alt text."
"M073","P028","https://www.fchfh.org/2x4fundraiser","https://static.wixstatic.com/media/cfaa59_26325c51eec94a8fa4feee8312d46e48~mv2.png","IMG_1958.HEIC","HEIC_ORIGIN_IMAGE","png","ARCHIVE","VERIFY_OWNERSHIP","REQUIRED","MISSING_OR_UNVERIFIED","Wix serves a converted PNG or AVIF derivative; obtain original HEIC or highest-quality export and verify decode metadata rights consent and descriptive alt text."
"M074","P028","https://www.fchfh.org/2x4fundraiser","https://static.wixstatic.com/media/cfaa59_ec694bab19bc4ff6b028bd95cf3ef427~mv2.png","IMG_1959.HEIC","HEIC_ORIGIN_IMAGE","png","ARCHIVE","VERIFY_OWNERSHIP","REQUIRED","MISSING_OR_UNVERIFIED","Wix serves a converted PNG or AVIF derivative; obtain original HEIC or highest-quality export and verify decode metadata rights consent and descriptive alt text."
"M075","P028","https://www.fchfh.org/2x4fundraiser","https://static.wixstatic.com/media/cfaa59_79dcbbcce1f141ce95641e120882d111~mv2.png","IMG_1960.HEIC","HEIC_ORIGIN_IMAGE","png","ARCHIVE","VERIFY_OWNERSHIP","REQUIRED","MISSING_OR_UNVERIFIED","Wix serves a converted PNG or AVIF derivative; obtain original HEIC or highest-quality export and verify decode metadata rights consent and descriptive alt text."
"M076","P028","https://www.fchfh.org/2x4fundraiser","https://static.wixstatic.com/media/cfaa59_d5ccab749b7643268b832af3f6f5d2a0~mv2.png","IMG_1961.HEIC","HEIC_ORIGIN_IMAGE","png","ARCHIVE","VERIFY_OWNERSHIP","REQUIRED","MISSING_OR_UNVERIFIED","Wix serves a converted PNG or AVIF derivative; obtain original HEIC or highest-quality export and verify decode metadata rights consent and descriptive alt text."
"M077","P028","https://www.fchfh.org/2x4fundraiser","https://static.wixstatic.com/media/cfaa59_0e7c5b30eeab44a1926fab623eb9df32~mv2.png","IMG_1962.HEIC","HEIC_ORIGIN_IMAGE","png","ARCHIVE","VERIFY_OWNERSHIP","REQUIRED","MISSING_OR_UNVERIFIED","Wix serves a converted PNG or AVIF derivative; obtain original HEIC or highest-quality export and verify decode metadata rights consent and descriptive alt text."
"M078","P018","https://www.fchfh.org/project-history","https://static.wixstatic.com/media/cfaa59_6f68431c769943e684f9160003eaf7cd~mv2.png","IMG_2848.HEIC","HEIC_ORIGIN_IMAGE","png","MIGRATE_SELECTED","VERIFY_OWNERSHIP","REQUIRED","FILENAME_ONLY","Wix serves a converted PNG or AVIF derivative; obtain original HEIC or highest-quality export and verify decode metadata rights consent and descriptive alt text."
"M079","P018","https://www.fchfh.org/project-history","https://static.wixstatic.com/media/cfaa59_f44c0ccd2d0a41698aab85249c191d8d~mv2.png","IMG_2345.HEIC","HEIC_ORIGIN_IMAGE","png","MIGRATE_SELECTED","VERIFY_OWNERSHIP","REQUIRED","FILENAME_ONLY","Wix serves a converted PNG or AVIF derivative; obtain original HEIC or highest-quality export and verify decode metadata rights consent and descriptive alt text."
"M080","P018","https://www.fchfh.org/project-history","https://static.wixstatic.com/media/cfaa59_3722dbbbf1fe4b9989f35dc2501d81e4~mv2.png","IMG_3669.HEIC","HEIC_ORIGIN_IMAGE","png","MIGRATE_SELECTED","VERIFY_OWNERSHIP","REQUIRED","FILENAME_ONLY","Wix serves a converted PNG or AVIF derivative; obtain original HEIC or highest-quality export and verify decode metadata rights consent and descriptive alt text."
"M081","P018","https://www.fchfh.org/project-history","https://static.wixstatic.com/media/cfaa59_96cd19d8af0442d8986433f5238e1f5d~mv2.png","IMG_3256.HEIC","HEIC_ORIGIN_IMAGE","png","MIGRATE_SELECTED","VERIFY_OWNERSHIP","REQUIRED","FILENAME_ONLY","Wix serves a converted PNG or AVIF derivative; obtain original HEIC or highest-quality export and verify decode metadata rights consent and descriptive alt text."
"M082","P024","https://www.fchfh.org/sausagefest","https://static.wixstatic.com/media/cfaa59_b5e1146c0c4c45babae3c02642d9a003~mv2.png","FullSizeRender.HEIC","HEIC_ORIGIN_IMAGE","png","ARCHIVE","VERIFY_OWNERSHIP","REQUIRED","MISSING_OR_UNVERIFIED","Wix serves a converted PNG or AVIF derivative; obtain original HEIC or highest-quality export and verify decode metadata rights consent and descriptive alt text."
